Organization,Followed On
Natera,Tue Aug 23 21:51:04 UTC 2022
AWS Databases & Analytics,Fri Aug 19 20:42:03 UTC 2022
Siemens,Wed Aug 17 07:11:08 UTC 2022
Lenovo,Wed Aug 17 07:11:03 UTC 2022
Intel Corporation,Wed Aug 17 07:10:58 UTC 2022
Cisco,Wed Aug 17 07:10:34 UTC 2022
HP,Wed Aug 17 07:06:52 UTC 2022
University of Maryland,Wed Aug 17 05:38:46 UTC 2022
SBOA School & Junior College,Sat Aug 13 15:18:36 UTC 2022
Snowflake,Sat Jul 30 02:17:10 UTC 2022
Futureforce: Salesforce University Recruiting,Fri Jul 22 00:29:28 UTC 2022
AWS Training & Certification,Wed Jun 01 11:53:56 UTC 2022
Data Science Interview Preparation,Mon Feb 28 08:55:01 UTC 2022
Motorola Solutions,Sat Feb 19 00:13:36 UTC 2022
UMD Smith Analytics Consortium,Mon Feb 07 19:50:36 UTC 2022
University of Maryland - Robert H. Smith School of Business,Tue Aug 31 04:34:02 UTC 2021
Lyft,Tue Jul 20 19:29:43 UTC 2021
Deloitte,Sun Oct 25 22:51:51 UTC 2020
Microsoft,Thu Jul 30 07:30:22 UTC 2020
Indian School of Business,Sun May 05 18:38:29 UTC 2019
Zoho,Wed Apr 03 16:36:51 UTC 2019
Salesforce,Wed Apr 03 16:36:32 UTC 2019
Google,Wed Apr 03 16:35:12 UTC 2019
Cognizant,Wed Jan 30 05:31:54 UTC 2019
Amazon,Wed Jan 30 05:31:53 UTC 2019
Tata Consultancy Services,Wed Jan 30 05:29:33 UTC 2019
Freshworks,Tue Jan 29 08:59:46 UTC 2019