Saved Date,Job Url,Job Title,Company Name
"4/7/22, 9:20 AM",http://www.linkedin.com/jobs/view/3012379179,Data Science Intern: Summer 2022,Toast
"1/19/22, 1:57 AM",http://www.linkedin.com/jobs/view/2844146356,﻿Data Science Intern (Summer 2022),Roblox
"6/10/22, 1:35 PM",http://www.linkedin.com/jobs/view/3116335567,Data Science Intern,BoomSight
"3/23/22, 5:39 PM",http://www.linkedin.com/jobs/view/2969183017,Data Analyst Intern,Vitable Health
"5/28/22, 2:49 PM",http://www.linkedin.com/jobs/view/3089257801,Data Science Intern,Quest Diagnostics
"6/4/22, 3:02 PM",http://www.linkedin.com/jobs/view/3108728573,Intern Analyst - Business Consulting,Infosys
"5/27/22, 3:57 PM",http://www.linkedin.com/jobs/view/3089199583,Business Analyst Intern,Convocean
"8/18/22, 8:39 PM",http://www.linkedin.com/jobs/view/3219902427,Business Intelligence Engineer - Amazon Business,Amazon
"5/27/22, 12:02 PM",http://www.linkedin.com/jobs/view/3086324754,"Intern, Business Data Analyst, Remote",SAGE Publishing
"2/23/22, 6:10 PM",http://www.linkedin.com/jobs/view/2904487939,Customer Success Data Insights Intern,VMware
"1/19/22, 1:56 AM",http://www.linkedin.com/jobs/view/2850398769,Master Data Intern,Panasonic North America
"5/23/22, 2:47 PM",http://www.linkedin.com/jobs/view/3078670846,Data Science Intern,Faire
"5/18/22, 6:26 PM",http://www.linkedin.com/jobs/view/3081084764,Intern - Business Analyst (Remote),Dexcom
"4/7/22, 9:20 AM",http://www.linkedin.com/jobs/view/3008509070,Data Analyst Intern,Pluralsight
"1/19/22, 1:54 AM",http://www.linkedin.com/jobs/view/2806682626,"Strategy Analyst, Go-to-Market, Performance Products",Google
"6/6/22, 1:01 PM",http://www.linkedin.com/jobs/view/3112048133,Business Analyst Intern,Trajectory Global
"1/19/22, 1:56 AM",http://www.linkedin.com/jobs/view/2866971420,Data Science Intern - Battery Management Systems (BMS),Rivian
"8/1/22, 9:45 AM",http://www.linkedin.com/jobs/view/3117704053,"Business Intelligence Engineer, Customer Experience and Business Trends",Amazon
"5/26/22, 4:24 AM",http://www.linkedin.com/jobs/view/3078669917,Data Science Intern,Faire
"1/19/22, 1:57 AM",http://www.linkedin.com/jobs/view/2834657179,Data Engineering Intern 2022.,Johnson & Johnson
"6/10/22, 1:35 PM",http://www.linkedin.com/jobs/view/3116337153,Data Science Intern,Shadowing AI
"6/4/22, 3:03 PM",http://www.linkedin.com/jobs/view/2952517405,"Product Analyst, Data Science",Google
"5/26/22, 4:23 AM",http://www.linkedin.com/jobs/view/3087545612,Data Science Intern,Rakuten Rewards
"6/14/22, 11:39 PM",http://www.linkedin.com/jobs/view/3125356814,"Fall Intern, Data Analyst",HealthStream
"6/4/22, 3:04 PM",http://www.linkedin.com/jobs/view/3098454170,Intern: QUANTITATIVE ANALYTICS SUMMER ANALYST PROGRAM,Parcl
"1/19/22, 1:54 AM",http://www.linkedin.com/jobs/view/2847955070,Data Analytics Intern (Summer 2022),"Datto, Inc."
"6/12/22, 3:53 PM",http://www.linkedin.com/jobs/view/3091139318,Product Analyst - Class of 2022 (Fully Remote),Jerry
"6/4/22, 3:02 PM",http://www.linkedin.com/jobs/view/3094603303,Data Science - Intern (Paid),Utilimarc
"5/27/22, 3:57 PM",http://www.linkedin.com/jobs/view/3089105294,Data Science Intern,Cradlepoint
"6/6/22, 1:01 PM",http://www.linkedin.com/jobs/view/3111734752,Data Scientist Intern,Cengage Group
"5/26/22, 4:24 AM",http://www.linkedin.com/jobs/view/3080476599,2022 DA Intern - Data Science,Adobe
"6/14/22, 11:39 PM",http://www.linkedin.com/jobs/view/3124886034,"Analytics and Data Science Intern, Summer 2022","Church & Dwight Co., Inc."
"7/27/22, 12:53 PM",http://www.linkedin.com/jobs/view/3145507154,"Business Intelligence Engineer, Sustainability Science & Innovation, Sustainability Science & Innovation",Amazon
"3/7/22, 8:59 PM",http://www.linkedin.com/jobs/view/2945758175,US CAP Product Analytics Intern (Summer 2022 Term),PagerDuty
"5/7/22, 12:55 AM",http://www.linkedin.com/jobs/view/3040339868,Data Analytics Intern,Align Technology
"6/14/22, 7:56 AM",http://www.linkedin.com/jobs/view/3089233781,"Data Science & Analytics Internships – Fall 2022, Virtual",NBCUniversal
"6/17/22, 1:17 PM",http://www.linkedin.com/jobs/view/3130225851,Data Analytics Intern,Ecogy Energy
"5/26/22, 4:23 AM",http://www.linkedin.com/jobs/view/3089257800,Data Science Intern,Quest Diagnostics
"5/26/22, 4:23 AM",http://www.linkedin.com/jobs/view/3084810465,Intern - Data Science,Spring
"6/14/22, 11:39 PM",http://www.linkedin.com/jobs/view/3126570676,Reporting & Analytics Intern,"TANA Sales & Marketing, LLC"
"5/23/22, 10:22 AM",http://www.linkedin.com/jobs/view/3067549285,Summer Health Data Science Intern,Genospace
"6/14/22, 11:39 PM",http://www.linkedin.com/jobs/view/3106072112,Data Science Intern - Fall 2022,Signify
"3/23/22, 5:39 PM",http://www.linkedin.com/jobs/view/2972739599,Data and Analytics Intern,Align Technology
"5/7/22, 6:39 PM",http://www.linkedin.com/jobs/view/3064690264,Financial Data Analysis Intern – Summer 2022,CACI International Inc
